comparison,n_1,n_2,mean_1,mean_2,median_1,median_2,welch_t,welch_p,welch_sig,mannwhitney_u,mannwhitney_p,mannwhitney_sig,cohens_d
미술관 vs 박물관,281,856,9.571784513856889,9.880351904961248,9.503084610020228,9.968982721756971,-2.5794617982486177,0.010169904877266232,*,106836.5,0.004921130747212062,**,-0.16930126511984694
