variable,group_1,group_2,n_1,n_2,median_1,median_2,welch_p,mannwhitney_p,cohens_d,welch_sig,mannwhitney_sig
MOBILE_PROVD_AT,O,X,251,880,11.09806132401622,9.579924610403694,1.8281914128750875e-26,8.737955074857449e-27,0.8142482918046717,***,***
SOUND_PROVD_AT,O,X,164,967,10.968758824349756,9.61587214452889,2.9089823876890946e-18,2.8945228567543705e-17,0.7451950342883074,***,***
